{"day_17752":1.0693955555555557,"day_17753":1.0714109941520469,"day_17754":1.0760736842105263,"day_17755":1.080913216374269,"day_17756":1.0831644444444444,"day_17757":1.0827511111111112,"day_17758":1.079728888888889,"day_17759":1.0803347368421052,"day_17760":1.0812353216374269,"day_17761":1.082346432748538,"day_17762":1.0840004678362574,"day_17763":1.0842638596491228,"day_17764":1.083691461988304,"day_17765":1.0838902923976608,"day_17766":1.0830825730994151,"day_17767":1.0816018713450293,"day_17768":1.0782166081871345,"day_17769":1.077166081871345,"day_17770":1.0768554385964912,"day_17771":1.07638783625731,"day_17772":1.0765553216374268,"day_17773":1.075265029239766,"day_17774":1.0754530994152047,"day_17775":1.0772266666666668,"day_17776":1.077714619883041,"day_17777":1.0765948538011696,"day_17778":1.0743047953216374,"day_17779":1.0751955555555555,"day_17780":1.076414970760234,"day_17781":1.0762280701754385,"last_performance":1.0785684210526316,"day_17782":1.0785684210526316,"history_ote":4275000,"history_days":30,"history_cnt":31,"last_day":17782,"avg_performance":1.0785816864742501}