{"day_17752":1.0461204013377927,"day_17753":1.0466785543648898,"day_17754":1.0509919118148932,"day_17755":1.054446966077401,"day_17756":1.0574155347757832,"day_17757":1.0569406525151868,"day_17758":1.0544594225650126,"day_17759":1.0549486383182036,"day_17760":1.0558301481127568,"day_17761":1.0557530202716539,"day_17762":1.057649136577708,"day_17763":1.0579358064295952,"day_17764":1.056851068186472,"day_17765":1.0571138488840353,"day_17766":1.056554842672855,"day_17767":1.054867073919869,"day_17768":1.0518457784451574,"day_17769":1.0511035082929492,"day_17770":1.051438127090301,"day_17771":1.0508183741724115,"day_17772":1.0507975564807863,"day_17773":1.0493440720769913,"day_17774":1.0490287352399155,"day_17775":1.0500491434031807,"day_17776":1.0503825677428162,"day_17777":1.0489237935977067,"day_17778":1.0461975291788956,"day_17779":1.0466046686233021,"day_17780":1.047646235751826,"day_17781":1.0474209951539144,"last_performance":1.048606579755648,"day_17782":1.048606579755648,"history_ote":5860400,"history_days":30,"history_cnt":31,"last_day":17782,"avg_performance":1.0520891836074164}