{"day_18067":1.3064422158548232,"day_18068":1.3080553963705825,"day_18069":1.3093266475644698,"day_18070":1.3101251193887298,"day_18071":1.3087325692454632,"day_18072":1.3069130850047757,"day_18073":1.3044450811843362,"day_18074":1.3030085959885387,"day_18075":1.3043256924546323,"day_18076":1.3032674307545369,"day_18077":1.3041031518624642,"day_18078":1.303582617000955,"day_18079":1.3017287488061127,"day_18080":1.301261700095511,"day_18081":1.2981690544412607,"day_18082":1.2995195797516714,"day_18083":1.3019360076408788,"day_18084":1.2996189111747851,"day_18085":1.3028930276981854,"day_18086":1.3059770773638968,"day_18087":1.308914040114613,"day_18088":1.3089646609360077,"day_18089":1.309002865329513,"day_18090":1.309054441260745,"day_18091":1.3091050620821394,"day_18092":1.30607258834766,"day_18093":1.3027965616045845,"day_18094":1.3014164278892073,"day_18095":1.2979904489016236,"day_18096":1.2953696275071633,"last_performance":1.2949551098376313,"day_18097":1.2949551098376313,"history_ote":1047000,"history_days":30,"history_cnt":31,"last_day":18097,"avg_performance":1.3040991465631453}