{"day_18067":1.0860432734966896,"day_18068":1.0851663708961845,"day_18069":1.086693399767934,"day_18070":1.084531260664801,"day_18071":1.0843447546242577,"day_18072":1.0865140604736878,"day_18073":1.0870348440379496,"day_18074":1.0885318408299776,"day_18075":1.088953484403795,"day_18076":1.0925414647464338,"day_18077":1.0936072623029145,"day_18078":1.0931680431369872,"day_18079":1.0922766364070713,"day_18080":1.092159067640434,"day_18081":1.0925885605078152,"day_18082":1.0947414852228516,"day_18083":1.0977953723295337,"day_18084":1.0983741724114395,"day_18085":1.0966633676882125,"day_18086":1.0953806907378336,"day_18087":1.0962403590198622,"day_18088":1.0963939321548017,"day_18089":1.0947515527950311,"day_18090":1.0911864377858167,"day_18091":1.0887052078356425,"day_18092":1.0866875981161694,"day_18093":1.0885115350488022,"day_18094":1.0888908606921028,"day_18095":1.0905817009077878,"day_18096":1.0887644188110026,"last_performance":1.0872791959593202,"day_18097":1.0872791959593202,"history_ote":5860400,"history_days":30,"history_cnt":31,"last_day":18097,"avg_performance":1.0908097487565527}