{"ask":{"day_17751":1.0313563485906387,"day_17752":1.031727178691492,"day_17753":1.032423584173778,"day_17754":1.0324093612619603,"day_17755":1.030472976467546,"day_17756":1.0281771399017328,"day_17757":1.0262340315490044,"day_17758":1.0242547194207394,"day_17759":1.0237083010085337,"day_17760":1.0227680372381691,"day_17761":1.0217959658650115,"day_17762":1.020422808378588,"day_17763":1.0204797000258599,"day_17764":1.019810705973623,"day_17765":1.0195632273079906,"day_17766":1.0189480217222653,"day_17767":1.0177408844065168,"day_17768":1.0586406186406185,"day_17769":1.0571461131461133,"day_17770":1.0561192511192512,"day_17771":1.0555518925518925,"day_17772":1.0552535612535612,"day_17773":1.0549226699226701,"day_17774":1.0561076516076515,"day_17775":1.0545950345950348,"day_17776":1.054188441188441,"day_17777":1.0551229141229141,"day_17778":1.0548882783882785,"day_17779":1.0563286528286526,"day_17780":1.0559981684981685,"day_17781":1.0555728530728532},"bid":{"day_17751":1.0535151832759155,"day_17752":1.0555729549754305,"day_17753":1.0546767572410882,"day_17754":1.0598445355225936,"day_17755":1.0636709811636913,"day_17756":1.067859804197546,"day_17757":1.0672623360934588,"day_17758":1.0653928513863096,"day_17759":1.0646520333482214,"day_17760":1.0656994979677257,"day_17761":1.0658717058468756,"day_17762":1.0680911176939003,"day_17763":1.0683765025176415,"day_17764":1.0675734911941426,"day_17765":1.0679162343364383,"day_17766":1.0676572752122382,"day_17767":1.0663574729833025,"day_17768":1.0636943532170127,"day_17769":1.06148571578652,"day_17770":1.062054418371139,"day_17771":1.0610108671727096,"day_17772":1.0611474856212038,"day_17773":1.0603501626035148,"day_17774":1.0594614235221753,"day_17775":1.0609097938379952,"day_17776":1.061335647318647,"day_17777":1.0599854035263345,"day_17778":1.0580252931867813,"day_17779":1.057963256149611,"day_17780":1.0588839808615342,"day_17781":1.058886904483697},"counter":{"day_17751":0.022158834685276796,"day_17752":0.023845776283938358,"day_17753":0.022253173067310117,"day_17754":0.027435174260633355,"day_17755":0.03319800469614531,"day_17756":0.03968266429581324,"day_17757":0.041028304544454386,"day_17758":0.041138131965570146,"day_17759":0.04094373233968773,"day_17760":0.04293146072955656,"day_17761":0.04407573998186409,"day_17762":0.047668309315312296,"day_17763":0.04789680249178163,"day_17764":0.04776278522051958,"day_17765":0.04835300702844769,"day_17766":0.048709253489972903,"day_17767":0.048616588576785746,"day_17768":0.005053734576394131,"day_17769":0.004339602640406781,"day_17770":0.005935167251887696,"day_17771":0.005458974620817125,"day_17772":0.005893924367642578,"day_17773":0.005427492680844637,"day_17774":0.0033537719145237954,"day_17775":0.006314759242960433,"day_17776":0.00714720613020603,"day_17777":0.004862489403420378,"day_17778":0.003137014798502813,"day_17779":0.0016346033209584387,"day_17780":0.002885812363365714,"day_17781":0.0033140514108438435},"marked":{"ask":4914,"bid":5000,"consensus":6287761,"otg":1.062425336794045,"otc":1.0387977126748245,"nominal":0.1286164342146637},"timestamp":1536315971653}